0,1,2,3,4,5,6,7,8,9,10,11,12,13,14,15,16,17,18,19,20,21,22,23,24,25,26,27,28,29,30,31,32,33,34,35,36,37,38,39,40,41,output
388,410,305,424,221,367,176,302,150,249,222,295,201,236,230,285,247,316,268,273,246,214,277,284,289,313,315,262,297,206,321,278,333,309,369,256,352,214,361,266,365,294,A
394,412,303,422,223,367,182,297,155,244,226,290,200,228,228,278,245,310,274,271,252,215,279,284,287,305,322,259,303,210,326,279,334,302,374,252,356,211,367,262,373,284,A
395,413,303,421,225,363,185,288,156,234,229,282,205,220,232,276,248,306,276,264,256,208,281,283,288,302,325,254,306,202,327,277,335,300,376,247,358,205,368,260,374,284,A
397,419,303,424,222,368,177,297,150,241,224,289,197,227,228,281,249,314,272,269,250,213,281,285,289,306,322,257,302,203,327,277,337,303,376,250,356,208,366,262,373,287,A
401,417,306,425,225,368,182,292,151,237,227,286,201,222,231,279,250,310,276,265,254,209,284,284,293,304,326,254,305,201,329,277,338,300,379,246,358,203,369,259,376,283,A
404,420,309,424,229,368,185,292,153,237,227,285,203,221,236,281,254,313,276,266,256,208,286,285,292,305,325,255,307,201,331,279,339,302,378,248,359,204,369,261,375,285,A
402,417,305,422,225,367,183,291,152,235,225,286,200,220,231,277,250,310,274,265,254,207,283,281,292,304,324,254,304,198,329,273,339,299,378,247,357,203,368,258,375,283,A
402,421,306,428,222,371,179,294,148,238,220,289,194,223,228,281,247,314,269,267,249,208,281,284,288,307,320,255,301,200,327,277,337,305,375,247,355,204,367,260,373,286,A
397,420,296,411,223,353,185,280,154,226,233,270,201,211,217,269,238,304,279,250,248,195,266,272,285,295,328,241,300,190,315,267,335,292,384,236,353,193,356,250,369,273,A
388,431,297,384,246,312,218,259,199,215,273,233,229,195,239,260,262,280,309,225,254,190,265,272,292,277,351,223,291,189,298,268,325,277,395,225,333,204,327,258,351,271,A
440,409,448,308,425,228,364,188,314,180,428,165,314,149,310,190,328,206,395,180,281,185,286,228,311,240,358,210,260,225,272,261,297,268,321,247,256,260,268,286,285,296,A
408,423,445,332,438,243,401,172,372,127,447,185,346,158,338,195,352,220,397,203,302,190,297,224,318,244,344,231,268,229,268,260,287,278,295,263,241,264,244,297,260,311,A
345,459,397,372,394,280,361,207,321,174,364,241,290,194,287,224,305,245,308,270,246,233,249,258,270,280,257,305,215,276,224,298,243,319,214,343,194,313,202,335,216,353,A
341,456,385,372,386,289,351,218,316,185,351,244,282,203,283,235,300,256,299,271,245,242,248,269,264,289,252,305,217,279,224,306,239,328,211,342,194,318,203,344,216,363,A
340,450,390,371,395,288,361,216,323,183,364,241,299,203,295,230,308,250,309,263,257,237,256,262,271,281,259,294,224,273,227,295,242,315,217,327,198,303,204,326,214,344,A
360,435,409,359,413,276,379,206,341,176,383,224,313,189,309,221,325,244,331,245,275,224,275,252,292,272,282,275,245,257,248,281,264,302,240,309,221,288,228,311,238,330,A
365,424,410,349,417,271,389,199,354,167,401,217,327,180,323,220,336,242,350,232,289,215,289,250,305,272,299,259,258,247,264,278,279,298,251,289,233,275,240,303,249,321,A
366,422,419,348,423,267,393,193,355,166,397,212,330,180,326,212,338,231,343,228,289,213,291,241,306,260,294,255,258,244,263,269,277,287,251,288,236,272,242,298,251,315,A
361,421,416,354,428,276,399,200,362,168,395,217,336,179,329,209,339,229,341,227,296,211,296,239,309,259,292,252,264,240,268,266,280,285,248,282,238,270,245,294,253,312,A
361,423,411,357,422,278,394,205,362,170,373,226,334,184,332,207,342,228,324,243,297,213,300,234,310,253,281,271,268,242,276,262,286,283,243,303,242,276,251,296,258,314,A
353,426,403,360,417,279,386,205,350,171,364,224,317,189,317,215,328,236,311,240,281,224,286,249,296,268,267,270,252,256,259,277,270,297,228,303,227,288,236,310,243,326,A
360,423,401,343,402,267,366,207,323,194,369,215,312,183,301,208,308,227,316,233,272,219,270,248,283,268,269,264,242,255,245,280,259,300,230,301,219,290,226,313,237,331,A
394,427,372,346,339,278,292,250,249,253,343,208,241,211,236,248,256,268,328,217,219,246,230,282,258,293,310,241,211,276,229,313,258,318,293,273,213,305,226,337,249,347,A
365,443,279,421,212,351,178,290,155,238,240,267,199,224,214,288,236,319,283,258,242,225,260,301,288,316,332,256,294,224,306,298,329,314,385,262,350,232,347,285,363,305,A
351,443,262,436,189,362,155,288,125,233,204,274,178,214,194,284,212,321,258,260,234,211,250,296,267,318,315,257,292,207,303,293,318,320,375,260,352,216,349,277,356,305,A
380,436,280,431,202,352,169,268,139,206,219,264,197,193,216,263,232,302,276,248,257,188,272,276,283,299,335,242,317,187,329,273,340,300,398,244,379,191,380,252,387,282,A
411,420,305,416,222,335,187,243,162,175,240,237,222,161,239,231,252,271,298,220,285,154,299,247,306,272,358,217,347,158,357,247,366,277,421,220,407,165,406,229,410,261,A
452,401,341,395,251,316,215,221,196,150,264,219,249,142,268,209,277,250,320,199,310,130,326,218,330,250,379,190,370,133,383,220,388,253,443,189,426,137,431,204,435,237,A
497,399,380,392,293,304,265,201,246,129,315,200,307,125,323,198,332,237,376,186,371,121,381,217,381,241,437,184,435,126,442,219,444,246,502,188,492,136,494,203,497,231,A
520,397,412,396,321,306,286,202,268,130,331,201,325,120,349,196,356,232,392,186,392,114,409,213,405,238,452,182,455,121,468,217,465,245,516,181,510,131,516,201,516,229,A
540,402,431,395,344,302,312,198,297,124,359,199,351,119,375,196,387,236,423,183,420,113,436,213,438,242,486,179,485,118,494,217,494,248,554,180,541,130,544,205,545,236,A
505,407,405,385,321,300,289,206,279,133,335,199,325,124,342,194,347,236,393,188,386,124,397,213,394,239,452,185,448,131,454,218,449,247,515,191,501,143,502,211,501,243,A
450,426,350,403,269,328,235,246,221,181,272,233,254,157,270,227,281,265,323,216,308,150,320,234,325,261,378,208,368,159,375,241,378,264,439,209,423,168,423,228,426,253,A
355,437,247,417,169,351,132,270,105,211,178,258,150,193,169,265,184,304,228,244,203,185,221,269,234,295,282,236,262,186,274,267,283,294,341,235,315,192,318,252,327,276,A
317,442,211,432,135,369,99,287,71,225,151,274,123,206,137,273,155,311,200,259,173,198,188,283,204,305,252,251,227,194,240,278,257,303,310,249,281,201,283,262,296,288,A
323,428,217,419,142,354,106,272,78,211,159,264,129,194,146,261,165,300,209,247,181,188,198,271,216,298,261,241,235,183,248,266,267,297,318,239,290,191,291,251,302,279,A
330,419,228,405,156,338,121,260,95,201,171,254,144,185,158,250,176,290,220,238,195,178,210,260,227,288,272,231,247,176,261,258,279,288,329,230,300,183,304,241,319,267,A
336,395,229,385,153,316,118,234,89,175,171,228,147,161,164,231,181,270,226,211,203,153,220,238,234,262,281,205,260,148,273,232,287,262,340,206,318,157,319,216,328,244,A
340,370,234,355,158,288,121,210,95,150,171,203,151,138,169,204,185,242,226,186,206,127,222,209,235,235,282,180,265,124,275,205,288,236,341,182,321,134,321,190,331,218,A
401,378,302,369,224,306,185,230,162,170,232,225,211,155,233,218,249,253,283,206,266,147,289,227,301,252,336,197,320,142,338,221,350,250,394,195,374,146,379,204,388,230,A
432,383,334,376,259,318,221,240,197,180,268,234,243,164,266,223,281,257,316,216,296,154,318,232,325,256,366,207,347,148,366,227,376,254,421,204,399,156,406,213,416,240,A
423,373,324,364,252,307,221,230,196,173,264,226,243,158,266,219,283,253,313,210,296,151,317,226,326,250,362,203,345,144,363,220,374,249,415,201,396,154,400,209,406,235,A
420,376,325,371,250,312,217,235,192,178,256,231,239,164,264,217,282,254,306,214,293,155,317,226,325,255,357,207,344,148,363,222,371,256,411,205,394,157,401,210,405,240,A
432,388,340,375,275,325,244,255,228,201,284,248,265,188,284,240,297,272,326,236,310,180,331,248,338,270,370,228,354,179,370,247,379,272,417,225,397,182,403,232,411,258,A
412,396,329,388,264,338,231,269,214,216,266,269,251,208,272,256,285,287,308,255,296,202,318,264,321,288,351,248,339,198,358,261,361,287,396,246,383,204,393,250,397,275,A
409,398,322,398,255,342,224,271,203,219,261,271,243,209,267,261,283,293,306,256,291,202,313,269,321,291,352,248,335,197,354,265,364,292,400,245,382,203,390,252,396,277,A
425,375,338,385,262,325,227,247,209,191,268,246,254,181,277,236,286,267,316,229,304,172,326,244,328,266,363,221,352,171,371,242,375,267,412,216,401,174,411,225,414,250,A
438,355,348,376,264,303,230,214,210,156,273,215,260,146,286,206,296,240,327,194,316,133,341,215,342,239,379,185,371,130,391,211,394,239,435,179,426,138,436,197,438,225,A
443,363,351,390,252,302,215,200,190,137,264,201,249,126,276,194,289,235,327,181,313,113,342,210,343,236,387,173,377,111,398,204,403,234,450,168,439,119,450,186,452,214,A
452,388,351,400,254,307,212,207,177,140,258,203,240,124,271,201,288,246,321,182,310,112,336,216,336,242,385,175,377,109,395,210,397,241,451,173,443,121,448,193,446,223,A
463,402,351,401,254,321,209,223,175,149,257,215,239,135,269,208,287,251,317,193,309,124,334,222,334,246,379,183,371,118,391,215,396,245,443,180,429,125,438,195,441,225,A
459,414,349,403,258,326,215,235,185,166,262,229,245,150,275,224,292,264,318,208,307,137,332,231,336,255,376,197,367,130,387,224,393,254,438,193,422,140,430,209,435,237,A
458,415,350,403,269,337,230,252,202,188,276,248,253,171,280,235,297,272,330,230,311,163,336,245,341,270,383,220,365,159,385,242,391,269,440,216,419,164,429,224,435,251,A
446,411,342,401,261,338,221,254,195,190,266,252,245,179,273,242,292,278,318,235,301,172,328,251,334,273,371,225,355,165,377,244,383,272,428,221,408,171,417,230,423,257,A
432,465,371,454,324,405,324,342,347,289,308,327,284,244,275,188,271,139,352,310,326,213,313,147,302,90,399,308,375,216,358,159,343,109,451,318,430,247,414,201,399,162,B
453,477,384,465,329,416,322,349,345,291,308,324,282,241,276,186,274,137,350,304,324,205,312,140,303,83,397,301,374,210,359,154,346,105,450,312,432,243,417,198,400,160,B
458,492,385,472,328,419,320,352,345,293,309,324,284,243,277,190,276,140,351,305,323,209,312,147,302,90,396,304,371,215,358,159,345,109,448,315,428,247,414,202,397,163,B
457,505,385,484,330,427,322,357,344,296,309,328,283,244,275,190,274,139,350,309,322,209,310,145,300,86,396,307,370,215,356,158,343,107,448,320,428,251,413,205,396,165,B
458,511,385,489,327,431,317,363,334,304,304,329,276,246,270,191,270,140,345,309,316,211,305,148,297,90,390,309,365,219,350,162,336,111,443,322,423,253,407,208,389,168,B
454,525,381,508,318,446,306,371,326,309,291,338,263,249,256,191,255,137,335,317,305,213,293,145,284,83,383,315,357,220,343,160,329,108,439,328,418,256,401,209,382,166,B
460,529,384,509,322,446,310,370,328,306,295,340,262,249,253,191,251,135,337,317,303,209,289,140,277,76,385,315,355,217,339,155,325,100,441,326,417,252,400,203,383,160,B
463,511,386,482,329,419,320,349,336,290,306,319,276,239,268,187,267,137,345,298,313,204,304,145,295,86,389,297,360,209,346,154,335,103,443,308,417,240,402,194,385,151,B
468,500,392,472,334,404,324,332,345,275,315,314,286,235,279,183,280,134,354,292,324,198,315,140,307,84,397,289,368,201,354,147,344,99,448,297,424,231,409,186,393,145,B
467,491,392,464,337,395,330,324,351,269,323,311,296,234,290,185,291,138,361,289,333,199,324,143,315,89,401,286,375,201,361,149,350,103,449,294,428,230,413,188,397,150,B
456,493,384,468,328,402,319,332,337,279,309,314,283,240,278,192,279,147,346,294,320,208,310,153,302,102,386,291,365,211,355,161,346,116,434,302,417,240,405,199,391,162,B
455,493,380,472,323,409,314,338,339,283,305,320,278,241,274,190,277,142,344,299,317,207,309,150,301,97,387,297,362,212,349,160,338,115,437,307,417,243,404,201,389,164,B
453,495,379,475,320,413,311,342,332,283,301,324,273,244,268,192,271,143,340,302,312,208,303,149,295,93,383,299,358,212,344,157,332,109,435,309,414,243,400,199,384,161,B
430,509,357,483,307,426,290,369,288,324,291,333,271,251,257,200,252,158,312,320,288,233,272,177,262,133,341,319,316,247,302,200,293,164,375,329,353,280,337,252,326,234,B
468,489,464,395,430,332,380,303,340,291,410,299,338,246,296,217,263,193,380,320,308,254,264,216,229,183,352,350,288,285,250,248,220,215,326,387,279,329,251,294,227,262,B
468,486,491,398,474,334,425,303,384,293,450,301,387,232,353,196,326,167,406,321,345,240,310,196,284,163,368,351,320,268,291,221,270,183,338,386,304,318,285,280,269,246,B
432,504,464,422,451,357,408,320,372,303,425,323,370,258,343,225,324,201,380,341,331,266,305,225,287,193,344,365,308,292,288,250,274,216,316,393,289,335,276,302,266,271,B
429,501,463,423,447,363,402,330,365,320,423,332,371,268,341,235,318,210,378,347,330,274,302,233,283,201,341,369,305,297,288,258,274,225,313,398,286,340,274,308,266,279,B
439,500,395,447,359,397,330,361,307,334,397,345,337,296,302,262,276,231,395,344,330,288,295,251,270,217,382,352,323,296,289,258,264,222,359,366,315,318,291,287,272,256,B
411,504,357,480,325,424,319,375,319,334,330,356,313,294,301,252,295,217,348,346,328,274,315,224,309,183,370,343,353,273,342,225,335,186,395,347,384,289,375,251,368,220,B
412,501,352,483,307,435,302,378,320,335,307,357,290,293,291,254,297,219,342,342,327,269,324,224,325,184,379,340,365,272,359,230,355,194,419,348,407,296,399,263,392,233,B
420,496,360,472,318,420,316,362,336,319,320,341,303,271,304,229,310,193,357,327,342,248,340,200,339,159,395,330,382,256,376,212,372,176,436,343,425,289,417,252,410,221,B
420,498,356,474,312,417,311,354,333,312,312,334,298,263,301,221,308,184,351,321,336,242,334,194,333,152,390,323,378,250,371,206,366,168,433,335,422,281,415,245,408,214,B
426,488,356,469,305,412,306,345,333,295,302,322,285,240,284,189,289,144,345,307,328,213,324,153,323,104,390,307,375,221,367,168,361,123,440,320,428,255,418,212,407,176,B
432,483,358,462,303,401,302,330,334,277,300,305,280,219,277,165,280,117,346,289,328,192,322,130,319,77,393,290,377,202,369,146,364,99,446,303,431,235,421,190,411,151,B
461,470,385,449,323,379,321,298,354,242,318,280,296,186,294,123,297,70,367,262,347,155,340,85,336,25,419,261,399,165,388,104,379,54,476,274,458,200,448,152,438,110,B
466,479,386,452,328,379,327,297,361,237,322,271,300,175,300,115,305,63,373,253,351,149,346,85,343,30,425,254,406,157,396,98,388,47,483,268,468,193,458,145,447,101,B
237,440,192,423,153,387,134,354,126,316,148,369,125,311,117,266,114,229,178,362,156,288,147,231,141,182,214,361,192,288,182,237,174,192,253,364,239,313,228,274,220,237,B
257,452,206,430,167,385,150,340,145,301,163,374,138,317,130,270,129,232,191,368,169,294,159,237,154,189,227,366,204,298,192,245,185,201,268,368,250,315,237,275,227,238,B
256,470,211,450,170,404,153,361,146,319,166,373,142,313,135,266,132,227,193,367,173,293,165,235,161,188,229,368,204,298,195,243,190,198,269,374,251,318,239,274,230,237,B
254,490,209,478,168,435,151,392,140,350,161,380,137,318,131,272,129,234,190,371,168,294,160,238,156,191,225,370,202,299,192,247,187,203,263,378,245,320,235,278,228,241,B
276,487,232,472,193,429,175,386,155,346,181,372,155,312,146,267,143,229,206,358,182,288,171,233,166,187,237,356,214,290,205,241,199,199,273,362,259,313,249,276,241,244,B
535,392,485,367,472,324,508,281,552,253,454,265,445,180,446,120,448,71,506,250,499,158,496,89,491,32,557,252,550,171,542,109,532,57,604,263,605,206,599,161,588,123,B
508,414,454,392,426,345,448,298,487,260,431,254,414,182,406,125,404,83,474,236,459,166,452,109,445,56,516,234,503,174,489,119,478,74,559,250,551,200,539,159,525,127,B
453,456,385,440,331,381,335,310,366,262,307,283,288,196,282,140,278,91,353,262,330,164,319,100,308,44,402,261,379,172,364,118,350,70,456,273,438,207,425,163,411,123,B
422,499,350,478,298,425,288,371,292,333,251,330,213,249,196,193,186,143,287,311,244,217,223,153,206,94,333,307,291,219,268,160,250,107,391,317,362,253,340,209,319,170,B
421,523,345,514,280,461,263,395,279,342,238,353,194,266,174,208,159,155,278,328,232,224,206,154,185,92,327,322,283,227,257,165,236,111,386,332,352,258,329,210,307,167,B
449,514,366,494,302,434,295,362,319,309,265,323,230,235,218,174,212,116,307,299,268,198,251,127,239,64,357,295,321,202,302,141,284,87,418,306,388,233,368,186,348,144,B
462,511,382,492,314,432,307,361,333,303,278,317,245,225,230,163,223,107,323,292,285,185,268,113,254,48,375,289,338,193,321,131,306,76,436,303,406,229,386,179,367,134,B
462,508,381,480,319,414,320,343,350,291,290,303,261,214,249,155,244,100,335,280,301,179,287,110,276,48,385,279,352,184,336,123,322,68,445,294,419,221,400,173,380,130,B
477,500,392,471,331,403,335,331,366,283,309,297,286,203,278,142,274,87,357,275,329,168,319,99,310,37,409,275,380,180,367,119,354,65,469,293,445,220,429,173,413,131,B
477,502,396,474,336,411,339,343,372,290,310,305,289,211,282,150,282,95,357,283,334,175,326,105,320,40,407,282,386,187,374,125,363,69,467,297,447,223,434,174,419,130,B
459,521,380,500,320,434,320,363,347,313,298,322,273,232,268,173,269,119,343,302,318,196,310,128,304,66,393,301,367,208,357,149,349,96,448,316,427,244,414,197,401,154,B
455,520,381,493,327,435,327,372,352,321,300,326,276,239,270,182,270,130,342,306,318,202,310,138,303,76,389,306,366,213,356,154,345,99,445,321,426,250,412,204,396,162,B
451,519,377,492,325,434,324,371,349,319,298,328,276,239,270,183,271,130,341,308,318,204,310,138,302,75,388,309,367,216,357,156,346,101,444,325,425,254,412,207,396,164,B
453,515,379,490,325,429,326,362,357,315,298,324,277,236,271,180,271,128,342,303,318,200,308,133,299,72,389,304,367,211,356,151,344,97,445,320,426,249,412,203,398,161,B
458,507,383,482,326,421,331,355,366,305,303,312,283,222,276,163,275,111,348,293,324,187,315,120,309,59,396,295,373,200,365,142,357,90,452,312,434,242,421,195,407,154,B
481,491,398,460,341,394,351,325,395,284,325,287,308,193,306,132,306,76,376,268,357,164,351,94,347,33,431,270,409,173,400,111,390,58,491,289,471,213,458,162,447,118,B
477,483,395,457,337,394,336,320,369,278,308,286,285,194,279,137,276,85,357,265,332,163,324,98,316,39,410,263,387,172,374,112,362,60,470,277,449,207,434,162,419,121,B
478,476,397,452,340,388,340,314,372,267,312,283,289,194,282,137,281,86,359,259,333,156,323,91,313,31,408,257,383,166,368,109,355,60,466,270,446,202,432,158,419,118,B
502,261,515,270,498,271,472,268,439,270,400,219,340,193,293,183,251,178,377,217,306,190,250,182,200,178,364,222,295,203,242,199,197,197,358,233,305,227,264,227,229,228,C
503,252,523,257,514,258,486,260,452,263,408,210,350,186,310,169,271,157,376,213,306,196,256,194,207,196,361,221,295,211,248,212,207,215,357,234,308,232,272,237,241,243,C
538,287,459,310,385,314,326,326,267,345,376,259,309,251,265,251,221,256,410,246,341,228,288,223,239,224,459,240,412,218,371,209,329,207,517,239,500,230,475,233,449,242,C
566,302,491,333,412,332,349,331,286,342,399,259,328,247,279,248,234,251,428,242,348,229,288,228,235,230,475,231,406,222,351,223,299,225,531,224,497,235,466,247,439,258,C
577,407,506,418,415,370,355,338,292,339,421,269,356,248,299,250,248,254,445,246,363,228,297,225,237,222,478,232,398,208,329,203,269,202,518,226,446,206,385,208,333,215,C
598,412,528,429,424,372,357,337,294,355,446,244,374,244,310,245,260,246,472,217,375,210,311,212,242,214,503,206,409,196,336,193,261,195,525,212,420,206,355,203,295,204,C
607,410,542,432,429,383,359,355,295,377,442,248,368,242,304,237,255,236,466,220,371,205,308,203,240,204,494,208,400,191,332,184,258,181,512,215,402,202,341,196,285,193,C
608,424,536,440,432,393,362,373,299,392,446,253,365,240,298,232,246,228,468,227,368,208,299,206,235,205,494,216,396,192,321,185,250,181,508,223,406,209,342,205,285,202,C
610,438,526,447,435,403,366,387,304,400,450,263,362,241,294,234,238,230,471,237,365,215,294,214,232,215,494,228,392,198,314,194,245,193,508,237,416,218,353,212,299,208,C
625,433,537,440,441,398,372,383,308,396,451,256,365,236,302,232,250,230,472,231,367,210,302,213,240,219,494,220,389,194,316,193,247,195,507,228,403,212,342,206,288,202,C
629,425,548,435,442,393,373,373,310,390,450,251,368,236,307,232,258,231,472,225,373,204,311,206,248,213,499,213,402,188,333,187,264,191,519,220,414,206,354,202,301,200,C
626,429,545,434,443,387,375,367,315,379,454,254,377,234,316,228,266,226,478,226,385,200,322,200,259,206,506,212,415,182,344,181,274,186,528,214,427,205,367,210,316,216,C
628,427,545,431,448,385,380,364,316,374,456,253,377,231,316,225,266,221,477,226,382,200,320,199,261,202,504,213,411,181,343,178,277,181,527,215,432,192,374,189,324,189,C
631,424,551,432,447,382,380,356,317,362,454,246,377,225,317,217,268,211,480,218,388,189,326,184,263,183,511,204,423,172,355,166,286,163,538,207,442,191,384,191,332,193,C
613,437,524,431,431,373,366,343,302,345,452,246,371,220,311,211,259,201,476,220,382,189,319,180,255,174,505,209,416,171,349,159,284,151,531,209,443,184,388,176,341,170,C
614,437,525,436,424,375,356,343,290,346,451,246,368,225,305,214,253,203,476,220,376,190,311,183,246,179,503,207,409,173,338,163,268,156,522,210,424,185,364,177,311,172,C
618,429,531,428,427,365,362,330,295,333,457,233,379,213,317,203,268,197,483,208,389,177,326,171,257,169,513,198,420,166,353,157,279,152,535,206,428,182,368,174,313,167,C
616,424,531,427,428,365,362,328,296,332,455,238,379,217,316,204,266,195,481,211,388,180,325,174,258,173,511,199,421,165,353,156,278,152,532,204,430,176,371,166,316,159,C
600,440,517,436,417,365,354,327,290,330,472,218,389,201,322,194,271,192,497,200,391,177,321,175,251,176,516,198,410,171,334,164,257,160,515,215,402,200,338,190,278,179,C
612,427,533,433,418,366,350,329,281,340,464,217,381,204,314,192,267,189,493,195,388,170,319,169,247,169,520,192,416,166,340,159,259,154,527,209,407,191,341,180,280,171,C
593,446,509,445,407,375,342,338,277,344,455,237,376,213,312,202,261,196,480,216,382,185,314,178,244,177,502,212,404,178,331,168,256,163,507,224,399,203,337,193,279,183,C
561,475,461,455,388,393,327,362,266,357,437,280,361,241,300,229,246,222,454,261,363,222,296,208,234,203,468,252,380,206,313,191,250,183,475,252,396,209,341,195,292,187,C
535,486,432,463,373,414,323,390,273,381,410,320,343,287,292,279,248,278,423,304,345,264,290,259,240,265,436,296,356,254,299,249,248,252,441,296,364,270,315,265,271,265,C
519,473,431,455,372,412,327,389,280,383,405,318,344,293,297,289,258,290,417,304,344,276,295,274,250,282,429,298,351,270,299,269,251,273,434,299,356,278,311,275,272,274,C
516,459,438,450,378,407,334,385,289,381,408,312,352,292,306,290,269,293,421,298,352,275,304,276,260,284,432,293,358,270,306,271,257,276,434,298,358,280,313,278,274,277,C
525,428,449,427,388,386,342,362,298,356,415,307,361,283,315,275,278,273,425,289,363,264,313,255,268,256,436,276,370,248,319,240,273,241,442,268,377,242,332,236,293,237,C
536,394,470,406,394,363,343,334,296,336,418,278,365,258,318,249,277,247,430,257,368,234,316,223,266,224,444,241,380,215,326,206,273,209,453,231,382,207,335,202,292,202,C
564,380,489,381,415,334,359,303,307,297,442,244,383,212,332,202,286,199,456,222,386,187,330,172,279,167,475,207,407,168,348,153,296,147,498,197,429,161,378,150,334,146,C
521,413,440,399,376,347,321,318,268,312,411,257,348,216,294,206,246,203,427,240,354,196,295,183,243,182,441,233,371,185,311,173,257,173,453,233,391,192,343,182,298,182,C
347,404,298,387,254,353,223,331,195,322,257,284,162,268,102,269,57,266,263,271,153,269,89,274,43,273,260,276,153,261,87,261,40,258,250,289,161,275,109,271,70,262,C
329,444,261,451,194,402,141,376,86,375,244,288,168,267,106,263,56,263,255,269,162,256,97,252,43,251,257,263,164,239,96,234,39,231,249,267,168,243,118,235,75,230,C
345,429,255,423,195,374,139,348,83,345,241,266,165,245,104,237,57,235,251,250,159,233,96,227,43,224,255,247,161,226,97,219,42,214,248,255,174,234,127,225,86,217,C
377,406,269,394,212,352,161,330,101,318,265,257,189,225,132,218,87,216,272,237,183,210,119,204,70,201,272,224,181,197,121,188,73,180,262,218,183,193,136,185,92,175,C
377,416,266,403,208,358,156,333,94,324,268,258,185,230,123,223,71,221,277,234,178,213,112,208,60,205,279,222,178,197,115,187,62,180,271,220,187,197,138,186,93,176,C
381,424,275,408,212,362,157,336,94,327,275,255,190,226,126,219,74,218,284,233,183,211,116,206,61,204,284,225,182,197,118,189,61,182,271,227,183,203,134,191,87,178,C
385,423,272,407,211,362,155,338,92,327,266,262,183,230,120,221,69,217,275,237,177,213,110,206,57,202,277,225,176,196,113,188,59,181,267,221,182,196,132,185,85,173,C
429,409,315,397,249,347,193,318,136,310,288,247,215,210,157,203,107,202,303,226,214,192,150,184,96,184,315,219,221,182,157,175,102,175,314,223,230,192,177,188,131,190,C
504,396,384,372,316,325,262,294,205,279,353,234,285,191,229,178,179,178,369,214,290,167,227,154,172,155,381,202,302,151,238,142,182,144,388,195,313,157,261,151,213,150,C
574,405,471,391,387,323,324,283,262,268,422,221,350,181,290,167,236,158,439,198,357,155,291,137,231,126,462,184,382,134,316,114,255,101,487,177,409,133,352,115,300,103,C
589,407,492,391,406,321,344,282,279,270,441,209,365,175,304,161,250,151,462,187,374,145,308,128,243,118,489,175,402,127,334,106,267,88,514,173,421,132,357,116,298,103,C
639,436,548,425,458,354,397,310,334,300,487,242,412,207,352,190,303,177,512,218,426,175,362,159,298,147,540,207,460,157,395,141,329,127,566,206,483,167,426,154,372,141,C
652,456,569,450,477,383,412,340,347,332,515,266,438,235,376,216,326,202,541,245,451,204,387,191,323,180,572,236,486,188,422,172,356,158,599,240,512,204,458,188,407,174,C
603,467,531,458,431,391,369,356,305,360,489,259,407,244,341,235,293,230,517,242,415,216,349,210,278,206,544,242,445,209,372,197,296,187,556,257,444,235,381,222,323,211,C
588,456,504,448,421,376,362,335,300,327,463,268,392,234,330,217,278,207,484,249,398,212,332,195,267,190,506,239,420,198,349,182,280,176,519,237,432,199,371,183,316,174,C
594,401,500,387,423,322,366,279,306,266,463,220,393,179,335,162,283,150,481,198,399,155,336,135,278,126,503,184,422,135,358,115,298,103,526,176,448,132,391,115,339,104,C
600,386,498,370,423,306,367,268,307,253,463,203,393,170,337,158,288,151,483,180,401,140,338,124,277,114,507,168,425,122,361,104,299,90,528,163,439,129,380,117,327,107,C
609,390,502,374,430,309,374,269,314,252,469,210,401,173,344,159,292,149,488,187,407,148,344,132,285,123,514,175,433,129,369,109,308,95,541,168,458,133,399,119,344,107,C
621,417,527,404,443,330,384,287,320,275,489,220,415,187,352,171,299,161,514,198,426,158,359,144,293,135,543,188,456,143,388,124,319,108,568,188,477,151,415,136,358,123,C
643,424,554,420,454,348,388,306,317,298,496,219,414,192,346,176,291,166,527,195,430,157,362,145,291,132,563,187,467,145,396,127,321,110,591,194,485,164,419,150,360,137,C
602,448,515,438,420,363,354,322,286,316,457,238,381,207,315,195,259,189,481,216,391,178,323,163,252,157,511,208,428,162,358,145,286,135,539,212,450,167,389,149,331,137,C
535,479,432,462,351,390,289,356,220,350,413,253,322,231,251,225,194,224,431,238,319,213,247,211,177,210,444,236,331,206,256,196,184,189,442,248,334,223,270,210,213,199,C
457,338,426,340,397,325,368,321,340,319,384,231,368,169,344,148,331,137,364,214,270,184,222,225,201,266,348,213,258,189,210,238,184,281,335,221,274,218,233,250,209,280,D
445,407,406,373,377,334,349,313,319,301,374,277,355,198,344,155,336,121,375,279,271,255,225,299,203,341,373,297,274,274,225,318,198,356,367,323,310,301,272,304,245,308,D
461,451,396,437,344,416,299,412,255,409,373,311,355,236,345,184,340,144,394,308,277,276,220,326,195,369,404,322,283,291,226,342,199,384,400,347,311,326,260,345,229,366,D
457,463,378,455,319,431,266,422,212,412,380,303,362,230,353,182,346,144,395,300,287,263,227,313,203,361,402,315,298,282,236,329,206,373,401,344,337,315,291,319,262,330,D
471,468,389,458,326,422,270,403,218,384,387,288,367,213,354,164,342,127,407,282,296,246,235,290,211,335,415,293,307,259,246,304,217,348,413,316,332,280,280,288,248,306,D
504,478,398,455,331,412,274,392,215,366,395,283,374,203,363,152,350,112,418,277,311,229,248,270,223,312,424,283,319,241,257,287,232,331,418,299,329,264,277,284,248,311,D
515,489,404,458,332,415,272,398,215,367,400,283,376,202,363,153,349,114,422,276,306,234,246,277,228,322,425,282,313,239,249,288,226,337,415,301,322,262,268,285,242,320,D
518,491,407,459,334,416,274,398,215,369,396,281,375,200,361,151,348,112,418,274,307,231,247,271,228,314,425,280,312,238,246,286,222,336,420,299,324,261,265,285,237,320,D
519,493,411,460,337,409,276,389,214,362,397,273,374,192,361,141,349,100,417,264,305,224,242,267,219,312,425,270,309,230,243,283,218,334,422,288,323,251,263,278,235,315,D
528,478,409,445,331,388,267,364,200,339,398,245,378,164,366,107,354,63,422,236,304,186,234,232,204,284,431,244,312,197,240,253,207,307,427,266,324,228,260,254,223,289,D
545,483,427,443,346,385,280,360,215,332,415,241,391,151,376,95,362,51,437,232,311,178,241,227,216,279,446,239,318,190,249,247,224,302,443,258,331,221,268,249,238,288,D
539,489,419,451,337,395,266,371,203,343,405,242,380,159,367,106,354,63,426,234,300,191,235,237,212,284,433,243,310,197,244,251,220,305,426,268,321,229,260,255,229,294,D
528,488,391,454,310,400,239,383,170,361,380,241,351,151,339,93,323,44,403,236,262,191,190,244,163,295,411,252,274,206,204,265,177,320,406,284,291,249,229,278,198,316,D
536,486,399,454,305,402,225,388,146,367,375,232,343,134,328,72,310,22,400,223,248,184,171,242,144,306,410,237,260,196,182,258,148,320,410,273,299,228,229,236,188,259,D
579,441,454,428,353,368,272,330,197,300,372,222,303,165,251,183,217,209,394,205,298,143,234,193,201,252,417,194,317,145,245,206,209,262,440,193,361,132,313,113,285,97,D
593,418,457,406,360,354,281,317,206,276,387,211,310,157,251,182,214,222,407,190,311,127,241,171,202,232,427,178,328,115,254,172,213,235,447,170,348,129,277,165,232,209,D
557,439,422,423,319,373,243,339,168,305,363,221,286,170,222,192,178,231,387,201,290,143,212,188,164,249,409,189,310,135,230,186,180,244,427,184,339,137,276,146,234,164,D
480,487,343,455,247,411,164,400,78,394,311,248,217,226,157,243,119,271,327,234,176,220,108,293,76,363,335,234,194,208,124,270,88,323,330,251,258,168,225,120,200,76,D
420,514,286,498,209,456,140,432,80,422,279,273,241,171,224,101,207,44,292,268,126,238,56,297,31,348,286,297,118,270,53,333,26,384,266,346,129,334,65,372,28,406,D
425,526,295,503,219,459,158,431,102,410,283,277,244,175,226,104,210,47,301,268,136,237,62,296,35,348,296,293,127,265,61,330,37,384,273,341,131,328,65,366,31,399,D
426,522,292,498,211,451,140,428,76,412,275,272,237,177,220,115,205,62,291,265,132,235,66,295,44,345,288,289,127,259,64,323,41,374,270,335,130,313,67,348,34,384,D
431,518,295,493,206,446,131,427,57,411,267,284,234,195,211,137,190,94,276,280,140,236,67,292,36,340,268,296,131,251,69,310,43,360,244,324,124,294,61,329,26,365,D
435,507,294,480,206,442,132,430,56,416,270,287,233,206,208,157,187,118,279,277,144,252,75,310,49,351,268,287,127,259,68,324,52,376,239,308,119,284,57,322,29,360,D
428,501,291,474,202,435,127,422,49,413,271,285,236,208,209,164,185,129,283,269,145,242,77,299,51,353,275,277,133,252,70,317,45,374,251,297,128,277,67,314,36,353,D
423,498,292,477,203,437,128,420,51,402,272,289,239,215,213,173,190,140,281,272,158,239,91,287,59,335,272,276,140,243,78,304,51,363,248,288,131,266,75,301,46,342,D
399,493,272,469,193,422,124,395,55,367,273,284,248,211,225,170,205,137,283,261,170,223,107,266,81,309,276,257,146,227,79,289,50,345,253,261,132,248,75,289,47,330,D
356,499,242,462,167,405,103,377,36,347,267,279,242,207,219,163,202,130,273,259,159,220,92,256,63,289,259,258,131,214,66,266,38,313,228,263,106,242,52,278,28,317,D
345,493,236,461,164,409,99,378,33,342,266,287,240,215,221,171,207,137,269,266,185,217,125,231,95,255,253,260,144,208,72,252,36,302,221,257,111,232,56,261,28,301,D
358,482,247,449,175,389,111,355,47,319,269,269,247,197,225,152,209,119,279,247,174,198,105,228,70,264,270,240,147,191,74,248,42,301,249,235,120,220,60,258,35,299,D
385,478,275,449,198,381,125,346,55,322,280,246,255,178,237,133,220,101,294,230,171,186,96,225,51,280,297,226,160,196,82,239,35,290,290,232,165,225,102,245,61,274,D
489,459,392,426,304,357,229,310,154,285,337,234,244,187,179,214,135,256,355,214,252,164,184,206,144,258,371,213,279,158,210,193,168,238,388,224,339,161,298,136,266,121,D
586,429,474,403,382,321,306,270,230,237,434,194,406,112,377,66,352,29,456,175,370,112,292,134,232,172,478,164,373,110,282,155,220,209,497,162,391,130,319,150,268,178,D
589,410,469,376,388,296,320,248,250,219,471,167,438,93,408,54,382,24,489,154,383,106,307,136,252,174,501,150,383,115,299,153,239,197,503,156,388,143,318,163,267,189,D
577,419,458,385,379,307,309,264,240,238,452,177,410,114,372,77,336,51,464,165,367,115,297,139,244,177,475,161,356,131,274,175,216,223,477,167,358,154,286,178,235,208,D
579,426,458,396,375,318,303,277,234,256,425,189,351,157,283,171,229,199,443,174,339,140,268,174,211,217,462,170,347,144,272,180,215,223,473,179,354,171,284,191,233,215,D
584,415,468,382,388,306,320,262,254,235,458,176,424,108,393,69,368,38,474,164,365,121,295,154,247,192,486,161,367,133,287,169,231,209,489,169,369,159,300,178,252,201,D
583,410,474,373,401,296,335,253,271,223,484,171,449,105,418,68,390,39,500,162,396,118,326,142,276,175,510,161,395,130,313,157,254,191,509,172,397,157,329,169,280,187,D
586,406,475,376,404,303,337,258,269,227,479,174,443,113,412,76,387,49,496,159,410,107,350,117,305,137,507,154,394,128,308,158,249,195,505,161,389,156,319,173,270,198,D
587,415,470,384,395,308,327,264,259,235,470,179,437,115,407,76,379,46,485,164,386,121,315,145,262,176,495,158,381,130,298,165,239,206,496,164,381,157,311,177,262,204,D
587,423,474,398,391,319,318,272,245,244,461,185,429,119,398,79,370,47,477,170,386,118,317,136,262,162,493,165,381,136,292,170,225,206,500,172,387,163,315,180,263,200,D
656,411,542,387,443,305,362,257,285,219,490,168,407,139,330,154,272,182,519,149,415,103,331,129,264,168,550,143,439,96,341,131,270,174,571,157,454,127,371,146,312,175,D
591,462,484,425,396,343,320,303,244,273,476,187,432,115,383,86,338,73,498,175,383,139,290,185,221,241,520,175,403,131,310,169,242,213,540,190,421,176,337,199,278,225,D
555,511,422,467,337,407,252,370,172,349,419,238,389,152,372,89,354,42,443,234,290,203,200,251,145,301,455,253,301,228,211,273,154,323,456,289,328,282,253,309,201,344,D
530,530,388,494,300,442,219,416,143,406,391,263,369,166,354,97,335,43,420,256,261,227,173,280,122,333,432,281,263,279,170,326,113,371,428,325,287,339,198,369,135,396,D
537,534,387,491,304,435,227,405,157,384,397,260,369,170,354,101,338,47,423,252,261,222,179,275,135,330,433,274,260,264,177,314,128,360,423,318,269,330,185,356,127,380,D
544,527,394,477,309,422,227,397,153,379,403,252,381,161,374,86,365,27,435,245,277,223,194,271,141,319,450,264,282,253,193,300,136,349,442,304,288,320,204,348,145,374,D
544,529,391,489,303,436,219,408,149,387,396,254,371,164,363,92,349,36,419,245,254,220,174,273,130,327,425,268,255,257,171,307,122,356,410,314,260,325,179,352,125,378,D
533,528,383,485,295,423,214,394,140,370,368,258,343,171,328,114,311,61,391,246,242,230,160,281,110,328,399,259,242,245,157,301,104,353,391,292,247,309,167,341,112,368,D
494,527,349,484,259,416,177,386,102,366,342,263,311,192,292,141,271,99,360,252,214,230,132,275,77,323,366,261,212,240,130,289,74,339,358,284,221,292,148,319,94,349,D
469,520,329,484,246,423,170,392,100,369,322,273,288,198,263,151,239,113,340,260,196,242,112,286,54,333,346,264,191,243,108,293,51,344,336,280,190,298,116,330,61,362,D
491,477,366,449,277,379,198,343,122,324,340,244,312,173,290,132,270,97,354,231,238,195,162,230,109,270,364,231,235,205,148,246,88,294,368,242,248,240,184,264,143,290,D
540,459,426,436,327,361,245,316,168,298,390,225,364,152,338,106,315,70,406,207,299,167,218,195,153,230,424,203,303,170,213,211,143,257,431,213,314,207,243,228,189,251,D
390,432,344,428,313,367,329,299,382,256,280,307,244,283,274,326,298,357,323,283,307,243,328,304,320,292,362,271,364,249,379,319,386,360,402,267,396,195,389,145,377,104,I
424,449,367,443,324,373,340,295,393,248,288,311,246,287,281,321,307,338,333,285,307,253,336,313,321,295,373,278,362,249,378,305,391,333,419,275,409,202,397,154,386,112,I
417,444,362,435,326,370,347,292,405,236,272,295,249,276,293,318,316,341,321,265,314,231,347,295,343,313,369,253,376,240,392,312,398,354,418,246,411,174,404,128,393,86,I
408,423,368,415,343,359,365,287,411,231,273,283,231,266,267,310,304,345,322,250,293,205,320,261,338,302,373,232,376,204,393,266,405,311,422,225,419,154,412,106,400,64,I
411,413,375,398,365,331,395,258,449,204,307,253,270,242,302,289,322,308,351,220,333,187,368,245,371,261,395,211,394,162,410,140,414,102,442,210,454,145,457,98,444,50,I
399,389,374,376,367,320,399,254,450,206,349,265,295,249,279,266,278,291,374,233,347,175,344,225,345,278,404,216,391,171,384,199,379,224,430,211,423,159,407,149,387,143,I
379,425,292,431,222,359,216,268,274,206,174,290,129,242,157,262,189,283,226,254,194,173,223,225,247,273,277,233,259,187,276,261,294,315,328,218,302,141,283,87,265,40,I
384,437,288,436,212,367,201,268,246,201,168,306,114,254,120,236,147,247,213,259,184,181,189,182,198,192,263,232,239,168,254,234,272,293,315,213,293,138,277,87,258,40,I
343,451,250,458,151,394,126,294,175,221,104,321,48,266,87,292,126,326,149,274,112,209,149,262,159,288,199,247,173,192,200,270,220,327,254,225,225,151,205,100,181,48,I
339,439,239,448,151,390,133,290,174,216,106,322,51,264,80,276,116,301,151,278,109,200,144,239,175,279,201,247,169,184,196,249,218,304,252,223,223,151,203,101,180,54,I
333,450,235,461,145,403,128,306,185,244,103,323,53,265,83,281,118,307,149,279,114,203,143,247,169,286,200,250,171,191,192,265,208,324,252,229,226,154,207,102,184,52,I
341,444,247,457,159,403,138,314,185,250,111,327,57,275,66,269,100,292,154,281,117,201,129,214,158,246,204,253,178,198,195,270,215,332,258,233,230,162,212,110,191,63,I
384,445,298,450,228,396,217,317,244,258,185,324,126,276,122,256,148,267,220,279,174,212,167,199,187,210,262,251,233,196,242,248,263,300,310,233,285,159,267,106,252,62,I
449,446,369,452,295,405,277,327,296,264,253,327,188,277,196,268,228,288,289,284,233,224,252,242,273,265,332,257,298,206,321,267,348,321,381,238,359,163,345,112,328,66,I
502,469,419,469,343,417,333,330,371,272,306,339,243,276,274,308,307,345,345,296,301,235,329,272,323,274,392,269,362,213,388,277,409,328,442,255,420,177,406,123,391,73,I
539,467,454,460,383,396,385,305,426,247,343,320,286,254,331,296,368,340,387,275,337,213,393,282,380,279,432,252,404,193,432,260,451,308,486,238,462,156,450,102,438,56,I
538,457,452,449,377,375,368,283,400,220,338,297,279,232,316,271,354,313,381,254,332,191,382,260,366,254,426,233,393,173,423,241,445,289,482,222,458,133,444,76,433,30,I
527,435,441,430,361,339,373,229,433,173,309,265,259,189,312,235,351,280,359,220,319,148,376,223,369,227,409,197,383,131,415,203,435,252,464,181,445,92,436,34,424,-17,I
523,440,428,436,347,359,362,253,424,185,290,289,244,214,276,226,315,254,341,241,303,150,335,190,366,231,396,208,373,136,392,190,414,240,451,188,430,100,419,48,407,4,I
466,446,369,443,285,379,286,279,331,210,233,301,178,239,213,258,252,293,281,254,241,185,279,237,302,275,336,222,311,160,339,236,360,298,391,200,371,117,356,63,337,10,I
430,446,332,445,248,378,240,275,286,210,200,308,152,244,161,247,182,276,244,260,210,185,228,215,244,247,297,228,272,163,288,229,308,291,348,209,328,129,311,75,294,27,I
369,451,265,462,167,400,147,300,207,231,120,323,55,279,65,268,101,280,163,273,117,210,111,205,124,211,215,242,188,188,201,255,226,315,272,219,240,137,217,82,196,34,I
333,467,227,481,116,411,83,306,156,222,71,321,24,276,83,320,112,338,121,274,86,208,119,269,128,301,176,247,153,204,181,296,197,354,233,223,198,145,173,89,143,34,I
341,448,228,463,127,400,97,300,153,226,86,315,35,264,65,282,97,306,132,268,91,194,110,225,131,257,185,237,156,189,177,267,198,327,242,212,206,133,180,78,148,25,I
351,438,243,454,136,387,112,278,164,198,92,304,37,244,73,272,108,309,138,253,94,176,118,212,140,246,195,221,163,164,190,241,214,303,255,198,219,118,195,60,168,4,I
390,442,287,447,189,376,167,276,215,203,144,296,83,235,89,230,121,257,191,247,151,157,149,159,167,188,247,218,219,160,239,240,263,312,305,199,275,114,252,53,228,-1,I
422,454,324,460,230,411,193,320,224,245,174,323,106,253,129,269,167,306,219,276,173,196,197,226,206,244,273,243,236,182,264,260,289,323,330,223,300,140,278,79,252,22,I
452,521,365,514,290,459,263,377,299,314,239,388,171,320,185,339,222,377,277,350,226,276,262,325,265,339,324,320,283,252,310,321,335,377,373,303,348,225,324,166,304,111,I
455,525,375,522,300,471,278,394,315,335,254,406,196,342,215,367,245,401,289,368,235,297,268,345,273,356,330,341,289,276,312,333,336,377,376,325,349,251,327,199,306,151,I
449,531,372,524,309,477,284,408,312,351,269,419,213,363,231,384,261,415,299,385,248,324,283,368,281,374,334,361,295,304,319,358,343,399,375,345,349,279,328,232,309,189,I
448,508,383,508,321,467,297,404,320,353,274,415,222,364,248,384,278,412,305,383,260,328,300,372,295,373,340,361,308,314,337,368,355,406,379,346,355,287,339,243,323,203,I
452,496,386,495,324,448,310,379,346,333,287,399,241,352,268,374,297,401,319,366,278,317,312,359,298,353,352,348,326,299,345,349,359,384,391,333,371,274,355,230,341,191,I
456,474,390,473,326,426,315,356,350,308,297,376,252,331,272,351,296,377,326,340,288,296,313,333,298,329,358,322,330,272,346,315,360,350,397,309,379,248,365,205,351,167,I
463,452,394,451,325,389,325,306,370,251,288,330,250,279,290,307,317,333,328,292,300,239,335,285,336,300,371,273,352,229,369,287,379,328,417,261,398,196,386,152,369,110,I
475,456,398,455,325,387,322,299,361,242,279,320,239,260,278,298,307,334,324,279,286,221,328,281,319,280,371,260,344,204,368,265,384,306,422,250,400,177,384,127,365,82,I
477,477,388,477,306,415,298,327,353,259,258,326,213,269,257,318,287,353,305,279,265,225,312,298,284,276,355,260,331,204,357,278,373,319,415,249,392,166,374,110,356,57,I
481,494,392,494,304,425,287,331,342,261,249,340,195,278,239,321,274,360,294,290,250,230,302,302,274,282,345,270,317,210,348,283,367,326,406,257,380,170,362,112,346,60,I
484,513,392,509,309,434,282,343,321,273,252,360,183,301,198,310,237,344,296,309,245,243,284,295,261,286,343,286,306,221,332,285,353,333,399,270,372,181,349,118,331,65,I
482,510,389,506,307,430,289,331,340,261,251,353,186,290,225,322,263,360,296,304,240,236,297,305,268,287,344,280,308,216,345,290,369,338,403,265,375,174,354,114,338,62,I
491,502,400,496,317,429,304,334,350,264,262,355,200,292,240,322,276,360,304,309,253,244,313,310,282,290,349,284,318,223,355,291,376,335,405,268,378,181,359,122,343,72,I
470,476,391,466,318,412,318,326,357,260,267,349,218,281,256,313,287,349,309,309,265,237,311,290,308,297,355,283,325,220,353,282,373,329,405,269,383,193,369,142,353,96,I
454,466,383,460,314,411,314,335,357,285,280,359,235,294,270,324,296,352,316,324,275,254,312,296,327,317,357,301,327,241,352,291,373,333,398,287,379,223,366,180,350,141,I
444,458,378,453,317,404,318,331,352,281,280,356,239,293,274,322,299,352,315,323,279,259,315,300,325,321,353,302,328,246,350,295,365,335,392,289,374,229,363,189,349,152,I
452,454,385,454,315,396,309,315,351,269,275,342,232,287,264,317,290,345,310,305,271,252,307,297,305,302,348,285,319,232,341,280,357,316,391,271,373,208,361,164,346,123,I
461,448,383,443,316,375,313,288,346,234,277,315,235,259,273,295,300,327,317,275,278,223,322,283,304,277,358,257,335,204,359,262,372,302,407,245,387,175,375,127,361,84,I
458,449,379,449,304,382,304,291,347,235,253,313,213,251,252,285,283,322,298,270,264,209,307,270,305,277,346,247,325,190,350,253,365,297,397,234,377,162,364,113,348,67,I
483,455,399,456,315,391,316,297,358,236,266,312,218,244,267,289,303,331,312,266,273,200,324,266,323,276,362,243,338,184,369,258,386,307,419,229,396,150,386,97,370,47,I
487,454,401,449,324,383,338,289,382,228,272,301,230,232,285,283,319,323,321,256,282,187,339,258,345,278,374,233,352,172,383,241,397,289,432,221,410,139,402,88,387,39,I
488,450,404,447,325,386,335,293,382,232,275,314,227,244,277,284,309,319,321,269,278,202,332,267,337,277,370,242,345,178,376,245,394,293,423,227,401,149,392,97,377,48,I
470,443,394,437,323,381,328,297,371,246,278,323,236,254,280,294,306,325,318,283,279,216,325,271,333,287,362,257,336,194,364,252,382,297,407,242,387,171,378,125,363,83,I
460,437,385,435,318,379,322,299,358,244,272,320,235,254,278,289,304,322,313,284,279,216,320,265,337,295,358,260,335,203,360,258,374,302,402,247,382,181,372,138,358,98,I
445,442,372,438,306,381,309,301,349,247,263,323,228,262,269,295,294,322,303,289,272,221,309,272,326,301,346,265,325,208,348,262,363,304,389,251,370,187,359,146,345,106,I
529,418,412,409,319,358,255,340,192,313,385,195,277,163,224,221,217,277,397,175,256,138,201,228,206,293,402,176,261,140,213,236,219,301,395,193,274,170,227,230,227,277,O
560,422,412,402,328,360,262,347,201,322,371,199,263,177,222,234,219,291,389,187,251,164,206,236,210,295,396,195,260,166,216,240,218,301,389,222,273,207,231,257,225,306,O
552,419,412,400,332,358,268,342,210,320,372,203,266,173,228,231,233,283,387,190,257,163,215,234,227,286,395,200,263,161,221,235,228,290,387,230,275,210,239,258,242,301,O
556,414,417,399,336,357,272,341,211,319,371,209,268,179,230,236,233,290,384,194,258,164,215,236,222,289,389,200,265,161,222,234,227,290,381,221,275,205,238,259,238,305,O
561,417,422,405,333,359,267,346,206,324,376,202,266,173,228,237,233,294,392,186,255,158,209,238,217,297,398,192,262,156,219,237,226,296,390,215,275,199,237,255,239,302,O
577,422,429,417,331,372,258,361,192,339,371,201,255,177,213,242,215,302,389,179,245,155,194,237,200,302,397,181,252,147,202,234,206,299,388,205,263,188,219,250,219,305,O
573,428,418,422,319,376,245,367,178,348,355,202,234,180,193,248,198,308,373,183,222,166,177,252,188,315,383,187,232,158,186,248,193,315,377,213,250,201,204,265,201,323,O
562,426,404,422,310,385,235,381,168,370,340,206,214,200,178,269,185,327,355,191,198,187,164,275,180,333,364,198,206,180,168,269,180,331,358,230,222,226,186,285,190,335,O
555,422,399,425,306,394,234,394,165,385,326,219,206,220,174,288,181,345,338,202,190,208,159,292,175,348,344,208,195,201,160,286,171,348,339,237,209,242,174,303,175,355,O
554,417,399,415,309,382,238,379,173,364,337,209,214,210,181,279,190,335,350,195,198,203,166,288,182,344,356,206,203,200,171,286,187,344,349,241,223,244,192,301,200,347,O
561,419,417,415,316,373,245,370,179,356,347,197,221,195,183,268,188,328,365,182,206,190,167,283,180,345,374,192,215,188,177,282,188,344,369,228,240,227,204,286,207,336,O
556,409,406,393,322,356,259,346,202,333,358,196,243,180,204,245,211,302,375,188,232,174,194,250,206,307,385,204,243,178,202,253,210,311,383,242,266,234,228,278,226,318,O
546,402,415,381,344,350,285,336,232,325,368,210,264,193,234,248,242,296,377,205,254,194,230,255,246,301,384,220,265,197,238,256,252,305,381,251,284,236,257,273,261,310,O
524,389,407,368,342,343,289,332,243,321,352,232,265,218,247,265,253,302,359,226,257,215,241,268,255,305,365,237,263,221,250,271,266,307,364,261,280,245,263,274,272,301,O
483,369,380,356,324,335,275,326,233,315,336,226,257,214,240,258,245,292,343,220,249,214,231,263,244,298,346,229,252,218,235,268,248,305,343,249,267,236,247,268,252,300,O
456,347,366,342,313,325,267,318,229,306,333,213,261,201,238,243,243,278,341,205,253,197,228,243,235,278,344,211,255,202,230,250,236,287,340,229,267,222,242,253,240,286,O
459,336,372,340,313,322,267,316,224,302,337,207,262,194,232,234,230,271,344,192,249,184,219,238,226,278,345,193,249,184,223,239,231,281,339,207,260,204,235,242,237,277,O
500,339,401,348,330,325,276,320,223,308,351,194,268,185,233,231,233,275,359,179,253,166,217,232,223,280,362,179,255,167,223,236,230,284,356,195,267,191,236,238,236,277,O
530,354,415,359,336,330,277,327,219,313,365,188,269,175,231,229,230,277,377,170,251,157,211,235,219,289,382,172,257,156,220,236,227,291,376,192,271,188,235,241,235,283,O
559,359,425,361,340,333,274,328,205,312,373,174,268,161,223,219,220,273,382,159,252,139,206,225,205,283,384,161,253,143,216,228,221,286,373,179,264,177,228,236,229,281,O
573,374,430,374,337,337,271,333,204,317,369,174,254,162,213,229,213,288,383,155,238,143,191,232,199,296,390,160,246,141,204,232,212,295,384,185,266,182,226,245,224,297,O
576,392,430,385,343,350,275,343,211,331,370,187,256,183,223,246,228,301,383,173,242,173,208,249,220,307,390,182,248,168,211,245,218,305,383,213,264,212,227,264,225,313,O
574,389,429,389,336,353,267,349,202,335,362,189,245,183,211,251,218,307,376,174,233,173,200,259,215,316,382,182,238,170,206,255,218,314,376,211,255,209,221,264,225,312,O
571,397,430,398,332,357,259,350,189,335,370,183,247,170,203,239,202,300,383,162,229,156,185,245,192,310,387,165,232,154,192,245,200,311,375,191,247,191,208,254,207,309,O
587,392,432,401,325,366,246,360,161,348,359,173,229,160,172,234,166,307,370,151,209,133,150,239,150,316,375,152,211,131,162,241,170,316,364,174,227,166,176,239,173,298,O
604,393,428,403,319,375,237,372,148,359,355,169,211,159,158,244,162,322,371,149,193,123,137,245,143,330,379,153,198,119,149,237,160,318,371,182,219,164,165,239,162,298,O
596,437,429,421,323,375,242,368,163,353,374,169,218,158,168,241,169,313,390,151,197,151,147,255,160,331,395,161,203,149,153,257,161,336,385,197,228,194,182,264,182,327,O
577,436,421,424,319,379,237,373,165,365,338,189,201,179,162,260,172,330,354,178,181,175,145,271,163,339,365,190,195,167,153,258,163,330,363,222,225,215,186,274,187,331,O
559,448,415,427,324,393,250,384,186,380,338,240,216,222,186,285,193,341,345,235,199,222,173,292,188,348,349,247,206,222,181,290,196,346,345,275,233,253,204,298,207,342,O
528,433,390,420,308,394,243,387,185,382,320,252,211,247,189,304,197,348,327,244,199,243,182,311,202,355,333,257,205,244,188,308,207,353,334,286,229,269,208,307,218,341,O
511,418,377,412,303,390,244,389,188,383,312,254,211,251,191,307,202,350,320,245,200,248,182,314,202,357,327,257,204,248,186,314,206,359,327,285,226,278,203,321,214,357,O
501,411,374,407,301,386,243,384,188,377,318,246,220,248,197,303,206,344,327,235,207,244,183,311,200,355,333,246,210,242,187,309,203,354,329,274,228,272,203,314,209,351,O
515,399,395,401,313,375,252,374,196,365,338,219,230,224,200,286,205,338,349,208,214,221,185,298,199,351,353,218,220,219,191,294,202,348,345,247,241,249,210,297,210,340,O
557,387,429,392,339,360,276,359,212,350,358,200,250,205,218,269,222,321,371,187,233,193,201,276,213,333,376,196,237,191,207,273,218,328,367,224,256,226,225,281,226,325,O
566,398,430,395,338,354,271,349,206,334,376,190,259,186,222,252,224,307,390,172,242,174,203,259,212,319,394,179,245,173,209,260,218,321,384,207,262,212,227,271,228,319,O
557,414,421,407,323,359,249,350,190,335,379,173,251,166,206,237,205,301,393,160,235,153,190,244,197,308,398,173,241,154,197,242,204,305,387,212,259,200,214,255,210,306,O
467,475,335,451,252,407,173,394,98,396,298,238,162,250,114,315,102,370,308,229,147,219,98,296,90,357,308,248,155,213,105,281,97,339,292,289,167,266,117,310,99,361,O
426,482,286,463,204,424,126,418,52,417,251,263,116,265,71,333,67,387,258,254,104,238,60,313,56,368,257,278,103,239,62,310,58,365,236,326,105,305,70,348,65,391,O
397,469,273,450,192,420,119,411,48,403,227,266,110,263,67,323,66,374,224,263,90,252,52,326,53,374,216,282,84,263,55,334,58,385,197,316,86,309,58,357,60,399,O
394,451,271,439,188,404,118,397,55,389,236,253,117,244,74,301,74,351,240,242,100,241,59,312,63,362,235,255,93,244,57,318,62,374,215,285,102,281,67,330,65,377,O
397,379,268,379,185,356,118,343,54,329,211,216,108,206,68,264,64,316,218,202,92,182,51,256,53,312,219,205,94,179,58,251,65,306,208,218,102,204,68,253,69,298,O
389,359,258,361,177,335,110,321,43,302,209,193,117,170,75,218,70,262,213,181,100,156,55,224,53,273,212,183,100,158,62,227,64,279,204,196,104,183,68,236,65,283,O
398,358,274,360,190,332,121,319,54,300,222,188,128,168,82,215,75,259,225,175,109,153,63,226,62,276,222,177,106,152,66,224,68,276,211,192,107,183,70,234,68,276,O
435,368,308,366,230,339,165,331,97,315,251,198,149,178,110,237,113,290,259,186,139,157,98,228,102,279,264,190,145,154,105,222,110,275,258,208,155,190,118,242,121,288,O
522,374,404,364,317,326,252,312,196,298,336,188,245,137,197,191,191,248,349,176,235,134,186,200,188,255,361,180,248,134,197,199,196,256,370,195,273,171,230,211,225,252,O
572,346,442,333,358,294,294,275,240,251,377,169,297,120,255,161,246,208,392,155,293,99,243,154,234,208,405,152,306,100,256,161,247,216,414,159,321,133,276,178,263,224,O
589,334,455,319,377,282,316,262,260,235,406,158,329,111,286,147,275,189,420,143,324,86,274,137,264,188,431,138,329,84,281,142,275,194,436,143,337,119,295,162,287,204,O
619,352,487,342,411,305,347,285,287,258,451,175,361,127,319,173,317,223,462,159,356,106,310,171,310,224,467,153,361,103,316,165,319,218,463,158,366,129,324,177,323,225,O
618,446,516,429,436,391,371,374,320,351,497,222,388,193,341,257,334,315,515,216,376,195,330,277,332,338,525,231,397,204,349,278,346,337,526,265,436,241,383,260,356,284,O
649,456,538,452,451,431,375,429,319,415,508,251,388,244,339,307,326,369,527,252,367,234,320,316,319,384,540,273,401,242,345,315,333,382,541,316,443,292,387,317,355,354,O
613,454,486,447,402,417,331,413,268,405,455,248,327,237,279,298,268,354,473,244,313,231,264,306,263,368,481,265,330,229,279,299,276,359,474,307,354,284,305,321,291,363,O
539,455,412,438,332,398,266,386,205,376,381,233,262,226,214,284,202,342,397,228,252,216,198,287,190,347,403,247,260,217,209,284,201,340,395,287,274,266,229,305,218,348,O
476,411,336,397,257,361,190,350,123,337,292,209,185,204,143,262,137,316,300,200,173,186,126,256,122,313,301,212,174,190,135,257,135,310,288,240,182,225,147,271,146,315,O
453,390,323,377,244,336,179,325,118,311,299,184,191,164,145,217,135,268,308,175,175,163,126,231,124,287,307,186,172,173,129,245,129,301,294,213,181,203,144,251,138,299,O
486,315,357,311,280,278,215,261,153,240,299,152,220,112,178,149,167,193,308,133,213,89,161,146,151,201,315,126,219,85,170,153,164,212,313,128,222,106,175,160,162,213,O
518,289,382,288,301,257,233,237,170,207,331,130,247,95,201,130,192,172,338,108,236,59,183,123,175,177,342,96,238,48,190,119,194,174,338,94,241,74,198,130,196,179,O
549,344,412,335,323,298,253,284,190,264,358,156,260,118,212,171,207,226,368,138,248,95,197,169,197,231,374,133,253,89,203,166,204,229,370,143,264,119,219,178,214,232,O
